COMUNA;CIUDAD
ARICA;ARICA
CAMARONES;ARICA
PUTRE;PUTRE
GENERAL LAGOS;PUTRE
IQUIQUE;IQUIQUE
ALTO HOSPICIO;IQUIQUE
POZO ALMONTE;POZO ALMONTE
CAMINA;POZO ALMONTE
COLCHANE;POZO ALMONTE
HUARA;POZO ALMONTE
PICA;POZO ALMONTE
ANTOFAGASTA;ANTOFAGASTA
MEJILLONES;ANTOFAGASTA
SIERRA GORDA;ANTOFAGASTA
TALTAL;ANTOFAGASTA
CALAMA;CALAMA
OLLAGUE;CALAMA
SAN PEDRO DE ATACAMA;CALAMA
TOCOPILLA;TOCOPILLA
MARIA ELENA;TOCOPILLA
COPIAPO;COPIAPO
CALDERA;COPIAPO
TIERRA AMARILLA;COPIAPO
CHANARAL;CHANARAL
DIEGO DE ALMAGRO;CHANARAL
VALLENAR;VALLENAR
ALTO DEL CARMEN;VALLENAR
FREIRINA;VALLENAR
HUASCO;VALLENAR
LA SERENA;COQUIMBO
COQUIMBO;COQUIMBO
ANDACOLLO;COQUIMBO
LA HIGUERA;COQUIMBO
PAIGUANO;COQUIMBO
VICUNA;COQUIMBO
ILLAPEL;ILLAPEL
CANELA;ILLAPEL
LOS VILOS;ILLAPEL
SALAMANCA;ILLAPEL
OVALLE;OVALLE
COMBARBALA;OVALLE
MONTE PATRIA;OVALLE
PUNITAQUI;OVALLE
RIO HURTADO;OVALLE
VALPARAISO;VALPARAISO
CASABLANCA;VALPARAISO
CONCON;VALPARAISO
JUAN FERNANDEZ;VALPARAISO
PUCHUNCAVI;VALPARAISO
QUINTERO;VALPARAISO
VINA DEL MAR;VALPARAISO
ISLA DE PASCUA;HANGA ROA
LOS ANDES;LOS ANDES
CALLE LARGA;LOS ANDES
RINCONADA;LOS ANDES
SAN ESTEBAN;LOS ANDES
LA LIGUA;LA LIGUA
CABILDO;LA LIGUA
PAPUDO;LA LIGUA
PETORCA;LA LIGUA
ZAPALLAR;LA LIGUA
QUILLOTA;QUILLOTA
CALERA;QUILLOTA
HIJUELAS;QUILLOTA
LA CRUZ;QUILLOTA
NOGALES;QUILLOTA
SAN ANTONIO;SAN ANTONIO
ALGARROBO;SAN ANTONIO
CARTAGENA;SAN ANTONIO
EL QUISCO;SAN ANTONIO
EL TABO;SAN ANTONIO
SANTO DOMINGO;SAN ANTONIO
SAN FELIPE;SAN FELIPE
CATEMU;SAN FELIPE
LLAILLAY;SAN FELIPE
PANQUEHUE;SAN FELIPE
PUTAENDO;SAN FELIPE
SANTA MARIA;SAN FELIPE
QUILPUE;QUILPUE
LIMACHE;QUILPUE
OLMUE;QUILPUE
VILLA ALEMANA;QUILPUE
RANCAGUA;RANCAGUA
CODEGUA;RANCAGUA
COINCO;RANCAGUA
COLTAUCO;RANCAGUA
DONIHUE;RANCAGUA
GRANEROS;RANCAGUA
LAS CABRAS;RANCAGUA
MACHALI;RANCAGUA
MALLOA;RANCAGUA
MOSTAZAL;RANCAGUA
OLIVAR;RANCAGUA
PEUMO;RANCAGUA
PICHIDEGUA;RANCAGUA
QUINTA DE TILCOCO;RANCAGUA
RENGO;RANCAGUA
REQUINOA;RANCAGUA
SAN VICENTE;RANCAGUA
PICHILEMU;PICHILEMU
LA ESTRELLA;PICHILEMU
LITUECHE;PICHILEMU
MARICHIHUE;PICHILEMU
NAVIDAD;PICHILEMU
PAREDONES;PICHILEMU
SAN FERNANDO;SAN FERNANDO
CHEPICA;SAN FERNANDO
CHIMBARONGO;SAN FERNANDO
LOLOL;SAN FERNANDO
NANCAGUA;SAN FERNANDO
PALMILLA;SAN FERNANDO
PERALILLO;SAN FERNANDO
PLACILLA;SAN FERNANDO
PUMANQUE;SAN FERNANDO
SANTA CRUZ;SAN FERNANDO
TALCA;TALCA
CONSTITUCION;TALCA
CUREPTO;TALCA
EMPEDRADO;TALCA
MAULE;TALCA
PELARCO;TALCA
PENCAHUE;TALCA
RIO CLARO;TALCA
SAN CLEMENTE;TALCA
SAN RAFAEL;TALCA
CAUQUENES;CAUQUENES
CHANCO;CAUQUENES
PELLUHUE;CAUQUENES
CURICO;CURICO
HUALANE;CURICO
LICANTEN;CURICO
MOLINA;CURICO
RAUCO;CURICO
ROMERAL;CURICO
SAGRADA FAMILIA;CURICO
TENO;CURICO
VICHUQUEN;CURICO
LINARES;LINARES
COLBUN;LINARES
LONGAVI;LINARES
PARRAL;LINARES
RETIRO;LINARES
SAN JAVIER;LINARES
VILLA ALEGRE;LINARES
YERBAS BUENAS;LINARES
CONCEPCION;CONCEPCION
CORONEL;CONCEPCION
CHIGUAYANTE;CONCEPCION
FLORIDA;CONCEPCION
HUALQUI;CONCEPCION
LOTA;CONCEPCION
PENCO;CONCEPCION
SAN PEDRO DE LA PAZ;CONCEPCION
SANTA JUANA;CONCEPCION
TALCAHUANO;CONCEPCION
TOME;CONCEPCION
HUALPEN;CONCEPCION
LEBU;LEBU
ARAUCO;LEBU
CANETE;LEBU
CONTULMO;LEBU
CURANILAHUE;LEBU
LOS ALAMOS;LEBU
TIRUA;LEBU
LOS ANGELES;LOS ANGELES
ANTUCO;LOS ANGELES
CABRERO;LOS ANGELES
LAJA;LOS ANGELES
MULCHEN;LOS ANGELES
NACIMIENTO;LOS ANGELES
NEGRETE;LOS ANGELES
QUILACO;LOS ANGELES
QUILLECO;LOS ANGELES
SAN ROSENDO;LOS ANGELES
SANTA BARBARA;LOS ANGELES
TUCAPEL;LOS ANGELES
YUMBEL;LOS ANGELES
ALTO BIOBIO;LOS ANGELES
BULNES;BULNES
CHILLAN;BULNES
CHILLAN VIEJO;BULNES
EL CARMEN;BULNES
PEMUCO;BULNES
PINTO;BULNES
QUILLON;BULNES
SAN IGNACIO;BULNES
YUNGAY;BULNES
COBQUECURA;QUIRIHUE
COELEMU;QUIRIHUE
NINHUE;QUIRIHUE
PORTEZUELO;QUIRIHUE
QUIRIHUE;QUIRIHUE
RANQUIL;QUIRIHUE
TREGUACO;QUIRIHUE
COIHUECO;SAN CARLOS
NIQUEN;SAN CARLOS
SAN CARLOS;SAN CARLOS
SAN FABIAN;SAN CARLOS
SAN NICOLAS;SAN CARLOS
TEMUCO;TEMUCO
CARAHUE;TEMUCO
CUNCO;TEMUCO
CURARREHUE;TEMUCO
FREIRE;TEMUCO
GALVARINO;TEMUCO
GORBEA;TEMUCO
LAUTARO;TEMUCO
LONCOCHE;TEMUCO
MELIPEUCO;TEMUCO
NUEVA IMPERIAL;TEMUCO
PADRE LAS CASAS;TEMUCO
PERQUENCO;TEMUCO
PITRUFQUEN;TEMUCO
PUCON;TEMUCO
SAAVEDRA;TEMUCO
TEODORO SCHMIDT;TEMUCO
TOLTEN;TEMUCO
VILCUN;TEMUCO
VILLARRICA;TEMUCO
CHOLCHOL;TEMUCO
ANGOL;ANGOL
COLLIPULLI;ANGOL
CURACAUTIN;ANGOL
ERCILLA;ANGOL
LONQUIMAY;ANGOL
LOS SAUCES;ANGOL
LUMACO;ANGOL
PUREN;ANGOL
RENAICO;ANGOL
TRAIGUEN;ANGOL
VICTORIA;ANGOL
VALDIVIA;VALDIVIA
CORRAL;VALDIVIA
LANCO;VALDIVIA
LOS LAGOS;VALDIVIA
MAFIL;VALDIVIA
MARIQUINA;VALDIVIA
PAILLACO;VALDIVIA
PANGUIPULLI;VALDIVIA
LA UNION;LA UNION
FUTRONO;LA UNION
LAGO RANCO;LA UNION
RIO BUENO;LA UNION
PUERTO MONTT;PUERTO MONTT
CALBUCO;PUERTO MONTT
COCHAMO;PUERTO MONTT
FRESIA;PUERTO MONTT
FRUTILLAR;PUERTO MONTT
LOS MUERMOS;PUERTO MONTT
LLANQUIHUE;PUERTO MONTT
MAULLIN;PUERTO MONTT
PUERTO VARAS;PUERTO MONTT
CASTRO;CASTRO
ANCUD;CASTRO
CHONCHI;CASTRO
CURACO DE VELEZ;CASTRO
DALCAHUE;CASTRO
PUQUELDON;CASTRO
QUEILEN;CASTRO
QUELLON;CASTRO
QUEMCHI;CASTRO
QUINCHAO;CASTRO
OSORNO;OSORNO
PUERTO OCTAY;OSORNO
PURRANQUE;OSORNO
PUYEHUE;OSORNO
RIO NEGRO;OSORNO
SAN JUAN DE LA COSTA;OSORNO
SAN PABLO;OSORNO
CHAITEN;CHAITEN
FUTALEUFU;CHAITEN
HUALAIHUE;CHAITEN
PALENA;CHAITEN
COYHAIQUE;COYHAIQUE
LAGO VERDE;COYHAIQUE
AYSEN;PUERTO AYSEN
CISNES;PUERTO AYSEN
GUAITECAS;PUERTO AYSEN
COCHRANE;COCHRANE
O’HIGGINS;COCHRANE
TORTEL;COCHRANE
CHILE CHICO;CHILE CHICO
RIO IBANEZ;CHILE CHICO
PUNTA ARENAS;PUNTA ARENAS
LAGUNA BLANCA;PUNTA ARENAS
RIO VERDE;PUNTA ARENAS
SAN GREGORIO;PUNTA ARENAS
CABO DE HORNOS (EX. NAVARINO);PUERTO WILLIAMS
ANTARTICA;PUERTO WILLIAMS
PORVENIR;PORVENIR
PRIMAVERA;PORVENIR
TIMAUKEL;PORVENIR
NATALES;PUERTO NATALES
TORRES DEL PAINE;PUERTO NATALES
SANTIAGO;SANTIAGO
CERRILLOS;SANTIAGO
CERRO NAVIA;SANTIAGO
CONCHALI;SANTIAGO
EL BOSQUE;SANTIAGO
ESTACION CENTRAL;SANTIAGO
HUECHURABA;SANTIAGO
INDEPENDENCIA;SANTIAGO
LA CISTERNA;SANTIAGO
LA FLORIDA;SANTIAGO
LA GRANJA;SANTIAGO
LA PINTANA;SANTIAGO
LA REINA;SANTIAGO
LAS CONDES;SANTIAGO
LO BARNECHEA;SANTIAGO
LO ESPEJO;SANTIAGO
LO PRADO;SANTIAGO
MACUL;SANTIAGO
MAIPU;SANTIAGO
NUNOA;SANTIAGO
PEDRO AGUIRRE CERDA;SANTIAGO
PENALOLEN;SANTIAGO
PROVIDENCIA;SANTIAGO
PUDAHUEL;SANTIAGO
QUILICURA;SANTIAGO
QUINTA NORMAL;SANTIAGO
RECOLETA;SANTIAGO
RENCA;SANTIAGO
SAN JOAQUIN;SANTIAGO
SAN MIGUEL;SANTIAGO
SAN RAMON;SANTIAGO
VITACURA;SANTIAGO
PUENTE ALTO;PUENTE ALTO
PIRQUE;PUENTE ALTO
SAN JOSE DE MAIPO;PUENTE ALTO
COLINA;COLINA
LAMPA;COLINA
TILTIL;COLINA
SAN BERNARDO;SAN BERNARDO
BUIN;SAN BERNARDO
CALERA DE TANGO;SAN BERNARDO
PAINE;SAN BERNARDO
MELIPILLA;MELIPILLA
ALHUE;MELIPILLA
CURACAVI;MELIPILLA
MARIA PINTO;MELIPILLA
SAN PEDRO;MELIPILLA
TALAGANTE;TALAGANTE
EL MONTE;TALAGANTE
ISLA DE MAIPO;TALAGANTE
PADRE HURTADO;TALAGANTE
PENAFLOR;TALAGANTE
